Customer ID,Loan Amount
C-6692,69620.37073393632
C-25987,211427.62045355895
C-5051,171758.1974865675
C-12745,127276.78302447384
C-8292,24660.939275094872
C-3754,279543.98386857036
C-3984,183781.02377638404
C-48953,39227.78051309203
C-30172,42189.24413479064
C-23000,26480.498780819922
C-14147,91626.52132269417
C-15348,60913.4661906025
C-28709,12374.579972783915
C-7050,35910.87179879954
C-14470,9819.39433864762
C-7656,50139.433617591276
C-33746,184947.1414012342
C-32548,99318.47830265787
C-12679,12600.170000471315
C-24115,182881.8216853432
C-7252,106525.47418186456
C-7384,6089.873258886719
C-24989,52607.54619753438
C-32928,14846.93822681849
C-3691,44524.49245375299
C-24878,39565.441985263606
C-21789,98633.86560664541
C-16659,45202.911646765075
C-8886,109785.63356118974
C-45045,45707.42378397007
C-38455,58589.191374279995
C-19376,74261.2273444484
C-7171,37959.90143284765
C-33221,146724.62656076363
C-12358,41589.17834239829
C-41422,45327.854541915774
C-5161,119674.89421212071
C-42940,48368.73216442987
C-30405,17434.881990375095
C-15024,73360.56212623755
C-30938,23858.923004201242
C-17715,22737.958826353017
C-44216,83189.29979941298
C-43407,183128.5591476302
C-19049,77609.81985509388
C-21169,109493.87807739357
C-30064,27065.94750092977
C-24705,82294.29290648947
C-34558,171841.49167030107
C-8525,91531.93227968014
C-44176,28082.9741940709
C-45527,30961.07213081749
C-33101,88747.99375605631
C-20333,116167.3236887981
C-3234,50527.9318528153
C-34681,15533.345401219101
C-37749,22698.248734105044
C-27366,39161.98237354333
C-12142,87275.03168067815
C-14285,90218.24658270286
C-3043,144220.09583070554
C-28933,46414.29926989471
C-14391,31140.43962655562
C-5171,164180.96334625527
C-42051,15511.290546782568
C-39348,110740.97735068128
C-29579,137341.50433026135
C-946,77153.12619819264
C-3037,74702.32704283748
C-47057,240285.16082555847
C-8989,48117.07158892878
C-41680,66652.31834555462
C-41271,93920.36971315408
C-18852,173037.09540947957
C-10918,27530.8843492856
C-48018,87656.2267268105
C-22681,120495.4613981467
C-35914,133395.0030264673
C-18648,197140.43950637037
C-49531,116341.03158544627
C-13925,112308.77724235422
C-30823,164651.99097245606
C-49367,210952.82795493785
C-40211,134476.75494176292
C-44380,73169.14165483242
C-12954,47930.5412117121
C-7743,72129.3864345522
C-8851,98353.974094994
C-38331,193526.2884028971
C-8081,64227.5717523135
C-33982,38820.46859094581
C-27737,100200.02968378238
C-29442,165930.61547123583
C-26011,66120.7257463964
C-25819,141368.56489808287
C-45949,26236.650811171094
C-18022,248421.09274666457
C-1697,21379.656872549655
C-30378,43366.46771229685
C-24546,31637.83526922467
C-30531,72605.01053718156
C-27851,144433.24156957123
C-8652,64598.493539847994
C-17527,81275.15621444077
C-41125,87859.38938292801
C-16783,23306.581012539802
C-32251,115667.398821559
C-24008,84161.75833718172
C-8128,130346.11007506803
C-1254,85835.91460363448
C-17808,155718.0270081439
C-48439,50528.68916708281
C-38876,22521.562587301676
C-24861,33292.981444175464
C-27404,184853.0286619961
C-33515,152255.42927825148
C-23782,29363.566064343413
C-43856,92465.92938438279
C-45854,99394.57546677518
C-45677,149125.45924178354
C-3944,177414.08790331014
C-27783,16455.29154524329
C-19145,69221.76510099605
C-34701,164404.26959947494
C-569,41484.13740621469
C-5878,43802.12489150594
C-41765,140092.89937891933
C-44284,37281.82587074134
C-43898,113939.61553752283
C-31464,31888.681365144308
C-41822,19103.5618018585
C-31947,82092.5986190415
C-6311,22781.322182514894
C-37016,37334.94533731682
C-2916,66320.80845145592
C-13034,34742.26400401742
C-1713,7527.092309287624
C-4123,117783.5204498811
C-4867,88207.77297702587
C-22875,66215.99773193063
C-20115,41316.69207623474
C-22402,162661.9351046939
C-3321,49632.920778885105
C-23714,116982.16084914524
C-9776,44017.64969499095
C-8086,75868.15821554772
C-35364,37532.29641446643
C-39702,44660.5030684692
C-6022,90570.47584819373
C-45230,41181.41961925272
C-28386,54406.73493342642
C-37344,39068.27644215361
C-25325,157747.85127749856
C-38927,61075.75240926222
C-28281,23508.31089781435
C-21572,9309.987212318894
C-41170,67117.78774561603
C-28195,59040.381475469774
C-2868,38058.67106491129
C-16539,76372.33722236825
C-17036,74073.79365176734
C-37437,174968.3405526194
C-19310,70693.36224077751
C-19326,125437.35985579365
C-8200,167080.43586947757
C-34280,34944.83395242706
C-31965,167507.26464378092
C-25959,87103.08430793918
C-46673,163127.65763961524
C-9043,38572.95629691574
C-19407,35049.50674390057
C-3613,147126.36513928894
C-17772,122456.68279642775
C-24336,132535.40417896007
C-17509,83541.19323662603
C-12576,74979.37864934771
C-23086,51431.19643283974
C-31357,35884.36796393436
C-5674,99383.2497318142
C-41823,113670.81597276044
C-13289,20662.922617858003
C-13298,21795.431120157664
C-39520,290198.9368165067
C-32863,88541.3358151215
C-28175,124491.24775862857
C-41872,144229.07154930112
C-44335,16145.765339313433
C-11686,29088.514425792855
C-16265,46061.162212089694
C-9036,69233.46069096873
C-41112,193921.55153387462
C-39736,112480.52893377117
C-7459,100637.42370322035
C-6727,26744.720564840707
C-7461,40171.70689638965
C-46020,77416.9013046407
C-28050,187291.614783615
C-2893,157708.94812095992
C-38091,102546.44771320291
C-33026,65872.96585804725
C-12227,180509.7165950505
C-18361,21002.072973632963
C-13878,109605.03305565531
C-47308,37717.42247342152
C-22367,166168.568274329
C-7629,148110.82453830977
C-46653,57734.70978455312
C-6306,227085.52965135156
C-5283,38996.16431641958
C-46919,119248.32614870134
C-4715,287760.0691972258
C-39763,96977.19503391613
C-19157,82482.85027638284
C-21999,209460.32111826848
C-35516,117500.28352454746
C-32685,81800.67354638893
C-5844,98532.82919040538
C-30808,25828.28658203952
C-32040,51756.664326480226
C-30002,112615.81797914048
C-46299,33692.02711303533
C-37998,83970.27218284828
C-1818,3607.961674992605
C-176,136458.8392564459
C-4656,135662.39769806177
C-13006,245565.49048871198
C-42033,57569.79258717738
C-11361,111082.00850190813
C-12849,194761.18538065095
C-19021,97187.98612122501
C-24318,62193.93444191094
C-37132,80402.63981713692
C-35293,41980.12178715163
C-1049,76728.45231056752
C-18893,80074.65099283501
C-45301,43112.12543481138
C-35503,124899.74680237334
C-49931,37561.98855387563
C-9920,20011.437842670464
C-15279,227281.6953738775
C-46754,9854.487077756514
C-14687,68489.37506382883
C-26017,24976.35965702119
C-25428,192387.25238396524
C-41783,67619.17557465106
C-40785,62056.29885768482
C-32625,88395.87605974775
C-25749,118106.6689110187
C-2884,210378.23575627184
C-13568,106538.81166786556
C-13831,176809.39777582098
C-2154,62999.9610158284
C-41093,76562.04192922614
C-12869,161059.9344933783
C-14741,123284.38310373886
C-2750,43509.016152538345
C-48305,38594.466500832415
C-27329,67750.15725423905
C-4154,280294.6062593689
C-28582,76492.67939829639
C-49719,30342.139925411873
C-4707,70527.74872125173
C-17745,23621.709674954694
C-1238,74245.57561236368
C-48184,109049.84774400492
C-17063,76439.48828826158
C-39728,146304.52329665353
C-36014,105329.7961168141
C-13922,28128.19739883695
C-3820,127916.84017313426
C-11303,52021.80655345552
C-46268,110255.84166749606
C-30032,53406.9678064332
C-42590,32551.253763828652
C-7436,77322.06270615422
C-47049,113210.46058477098
C-22287,64999.088636262495
C-27269,72008.24708411803
C-19467,40054.80108863158
C-29739,14120.32194406184
C-44618,13226.099812972252
C-30019,70581.17996576025
C-42491,141399.4256885132
C-49524,7033.164925401194
C-23736,143063.55772582476
C-20770,169868.1629261978
C-29554,44573.35019778222
C-44460,53393.30971162936
C-15804,88143.86178062622
C-21916,92320.6631522867
C-25190,342720.42201631505
C-47926,37569.91813640869
C-36498,153109.48734627498
C-39426,81450.13335543092
C-15427,200249.3720855753
C-35176,63071.74660819314
C-27248,73432.58582742275
C-42241,156477.09223414678
C-18231,37296.791935356436
C-17956,234503.8844868829
C-7430,113256.99871223977
C-36929,130224.57373286672
C-28692,19844.51514164766
C-18333,75501.91392446017
C-3483,29290.777510501903
C-4780,70739.47945956857
C-27153,77810.86909972213
C-33493,22719.93352538509
C-15181,148957.56886652688
C-4647,146150.57966046286
C-11152,114495.90943582666
C-4631,155308.23956210943
C-34429,164044.944541106
C-16377,175470.62389134467
C-2973,74632.16091046331
C-39888,10251.036632880765
C-41868,94898.79234400835
C-22969,50172.00891261288
C-25796,66790.1163736196
C-14377,123565.12158050506
C-21970,127344.11552735759
C-4673,43786.61450775228
C-36600,39001.54777706331
C-42842,22050.452267435805
C-19001,20899.934330304714
C-29325,279716.83986405254
C-29986,30572.995641107183
C-40678,128350.471692587
C-35335,32446.48656627322
C-29283,37219.06693247061
C-16184,110636.24047202646
C-11719,230886.10683998026
C-21441,186940.69403484123
C-21949,67556.68191651095
C-40400,45715.07205837301
C-19891,93700.45982274445
C-42650,14776.485605382504
C-45490,21161.37249608859
C-21808,60465.67448767326
C-9276,41194.54221542029
C-33372,172668.8064514336
C-26813,85056.70974695905
C-25851,34492.587357232274
C-22247,40506.53585043815
C-15483,214598.3290862739
C-3333,109289.62712896879
C-29355,36196.10981273252
C-33202,33658.31195819603
C-21209,47701.11967394627
C-40253,30310.710660743636
C-19665,86589.68887587189
C-26387,23739.227319352936
C-23771,49094.46141418006
C-12714,18982.010430511327
C-2574,104985.50126629644
C-19429,220256.01804714004
C-30105,23540.646608848285
C-33005,74191.09174103562
C-19749,127761.33755228082
C-1460,14039.329697327898
C-44067,64803.76207486666
C-25777,78593.7722941688
C-35023,125697.42697969137
C-912,48133.64724654202
C-5999,44546.155353365815
C-20570,45822.769955625816
C-18139,134944.3701553228
C-3817,31527.503408935758
C-27109,34254.641710889875
C-27588,36085.46439711378
C-17955,193186.86333481647
C-30406,119893.13698084939
C-36615,16584.45567941421
C-28595,70519.34967664044
C-35785,45467.22611265065
C-35482,157987.68324070802
C-25739,114992.03287878439
C-20300,106356.46534953793
C-49791,206745.6341322227
C-7158,171492.38672214228
C-5782,31139.040998156204
C-29057,70322.62772471608
C-6891,35815.598392859036
C-47572,170661.09715497194
C-43373,69895.48691385677
C-28182,75200.45222677857
C-18625,60558.30895958478
C-19846,142377.45423690145
C-3274,136022.78319634983
C-12515,47136.570223763694
C-25897,92558.16094873025
C-13069,129565.60286864765
C-38477,60277.69610718466
C-43790,44214.37559939559
C-33865,200204.46620890286
C-471,19737.78684309255
C-15387,26411.842610003878
C-40290,30108.0608164237
C-23742,176246.03617691575
C-17443,166251.88916330595
C-24395,152753.78307098665
C-35041,141600.8912509672
C-14024,40945.80746835986
C-18786,216044.06618798774
C-34300,127831.67500191592
C-25113,30761.203140695776
C-10732,159050.3794798555
C-1199,38383.74168211688
C-48489,31928.986829502137
C-8874,4412.8636655731225
C-25900,117174.33594580616
C-45342,17191.336186386678
C-21097,113387.05508102976
C-26274,269756.1148848669
C-11364,60367.30762345973
C-3884,203262.65155981397
C-41101,165920.44880958536
C-44935,305582.26220884884
C-33143,81373.54688036769
C-25353,40078.96606766176
C-35392,85129.37977452236
C-30553,135369.94366982358
C-18760,64181.16815224717
C-25814,88357.28126191253
C-14949,78140.18367333426
C-1443,283697.8817713148
C-34569,57144.79257912109
C-40045,59973.30830581946
C-35006,21878.16112448761
C-11970,39349.4455221831
C-7220,173552.39150543394
C-34434,56401.70999154351
C-40000,89696.79974954562
C-26449,74950.80795027086
C-16498,29241.516043670796
C-38256,117275.61007422807
C-19879,108911.4218004263
C-34834,105162.07066392628
C-29495,81886.02504623642
C-30793,169858.76883822423
C-48377,87703.04802772158
C-6215,81033.34941427792
C-46669,39500.465812398565
C-15907,65324.3271030993
C-40235,106096.2989523843
C-31700,84842.69819023085
C-17336,112306.81308284131
C-49173,71164.26073838939
C-27522,204229.50297816415
C-45002,7683.677214057114
C-16884,74617.95210984214
C-49775,116873.61175098472
C-34758,60588.05741804873
C-39751,292726.33365655376
C-15146,296822.81250766455
C-19336,38642.46052184862
C-23385,74735.58222127898
C-11138,38132.59428878971
C-14189,76519.0060065952
C-47107,127798.13247274417
C-11966,122979.10127233595
C-8031,21687.225824310914
C-22862,149235.59059535505
C-5486,92878.68427482457
C-36786,65270.052825101164
C-3238,115252.9965423658
C-2457,167950.8381896037
C-9115,18662.587339547346
C-15830,275846.8841357123
C-48276,81111.21267662538
C-13593,32745.50779678602
C-14489,86969.97056046409
C-34234,206944.82325144776
C-30946,137424.135483049
C-7040,147154.9806661574
C-23930,173630.4220937446
C-47652,26028.509622730104
C-37200,94428.02430273982
C-10034,48829.19809022199
C-21855,93779.82008457497
C-45484,87967.06043404112
C-45710,122090.37752553976
C-17159,83463.52430500182
C-4480,19804.463491971524
C-27374,46081.169510960215
C-18259,202727.46742762963
C-29519,191564.84464724263
C-41195,41018.302379915396
C-26406,68621.40119955785
C-34725,176724.51722670544
C-37699,57999.30332669336
C-35291,53401.29995861647
C-27963,77383.96653844567
C-12624,47171.46711696349
C-26181,23671.29285582009
C-13323,108635.28430473153
C-34930,119698.32958021201
C-49656,159778.72463304087
C-23430,138494.17851797727
C-49918,27973.85606670408
C-21299,90648.8123674211
C-44101,25398.313493028476
C-31540,314220.3665230707
C-42399,21356.000161950695
C-38895,37855.21936681688
C-13350,133024.8019439265
C-8528,216891.68913363636
C-39989,68761.11442225377
C-29261,84928.85096637452
C-35578,47121.71485796133
C-8233,38284.89544659257
C-35092,81686.62821890134
C-17693,124107.31565293236
C-30270,128767.83970559215
C-30675,72384.35200690011
C-21326,51085.749460126564
C-3952,121692.43625921052
C-2650,111990.6968067117
C-36757,34716.44633222394
C-15844,183492.49058204517
C-16573,71337.7763839363
C-23531,50171.11822691481
C-22584,19902.821635284083
C-44624,133058.57169418124
C-38679,40954.36955838309
C-11242,67464.96848625482
C-39071,74831.98089250017
C-12544,98416.56995878585
C-43899,33342.55600647804
C-36026,58097.058155070896
C-16541,108919.03049460145
C-637,35697.79637151882
C-43780,99631.57248391946
C-43129,50723.422719093505
C-20088,254920.48983962386
C-2777,246127.42082346856
C-10963,16564.554886133086
C-34309,63855.63953458718
C-39061,45292.469141302754
C-46817,378031.1731102339
C-46795,97595.65069019893
C-14125,114223.10352519399
C-21277,250614.16372073285
C-7444,30539.704299538025
C-26590,227950.05720442184
C-38220,111527.45017816061
C-42135,204692.79820891624
C-24978,34727.16093452554
C-30642,35151.65635818578
C-34465,81033.66028183859
C-46845,74032.23711472232
C-36639,86405.24267720198
C-22113,22089.405073134552
C-20939,46058.8060450265
C-42251,38088.324875858154
C-35299,172444.38330958507
C-9947,159950.6036928133
C-35551,78251.43707583033
C-10452,215215.84929660583
C-49241,106812.81632731865
C-33942,76767.73159946584
C-4377,98049.1875047282
C-46533,57286.00908766799
C-1792,21679.0456594134
C-4693,125867.99053278682
C-5677,31556.424442959164
C-43884,102295.93604866644
C-47686,162196.91563179466
C-38737,86990.21347340876
C-49286,40581.298416021826
C-49464,41928.27775109714
C-29179,254390.76613700675
C-28657,118646.0684044143
C-28283,52723.16553393979
C-12077,76165.52169067513
C-33166,66440.56720853297
C-42571,68554.92506635177
C-38730,24729.368875809116
C-14190,182106.85638402455
C-26574,139986.66143297264
C-48912,26340.825260719073
C-44692,39915.1648590119
C-25692,133472.7818607741
C-21967,75618.61984234581
C-47966,153743.7187920497
C-38648,136174.4677947514
C-38959,130216.48718858634
C-32146,29517.552762711224
C-9773,102907.39865325902
C-27146,53782.75006132435
C-43140,191006.27954962951
C-32074,240946.76770570487
C-37356,111899.74824183095
C-12335,40736.00261598663
C-9748,69455.78463472538
C-2630,55744.18088566522
C-2177,34316.07156434499
C-17321,231546.9085929489
C-34642,6715.790409747098
C-19006,119438.08510294241
C-31999,93378.05084590272
C-14604,36602.68166716009
C-20068,202960.679973115
C-43741,145608.68913687687
C-41634,60612.540366890564
C-2053,79776.53876047807
C-25251,89567.47892485798
C-3941,35650.92730430846
C-16957,48284.681688604614
C-45468,100254.88894739299
C-22597,241717.31085172942
C-32972,24245.275583802475
C-14699,105025.56242627159
C-672,42939.46138948736
C-46049,124679.57719742188
C-140,236441.81201223962
C-27232,33354.637583188545
C-47586,111793.56713081378
C-17135,58876.840037952825
C-3006,51400.37346143878
C-31766,87655.11435108157
C-21456,41187.95432558228
C-30643,189467.7305493806
C-6640,64310.14782134724
C-41269,41434.98714107445
C-10983,55299.49411316095
C-28169,66196.66460544018
C-14780,32460.450816139397
C-23998,61432.56205322138
C-32785,149218.25849040787
C-49068,47722.97789939254
C-33004,79169.79773458604
C-41137,40555.27857154345
C-30447,79383.16712053961
C-34959,61882.15477059921
C-8756,41010.871370494155
C-39534,38791.13896970234
C-41586,137765.65430464275
C-45174,128517.05028861259
C-10150,77641.8137567283
C-31454,194359.00965276052
C-1032,23936.110545738098
C-30683,93352.99354680881
C-47268,90830.77917101522
C-3174,139863.68515466643
C-35338,394792.6177847285
C-28163,194043.5082887955
C-22365,76567.27466721449
C-48304,33995.90025086539
C-5515,31389.24204360549
C-803,98034.89102003798
C-36248,110208.52015282403
C-8258,62438.339197280264
C-44878,33613.94801973623
C-3201,133471.4118903017
C-27062,72230.28113759057
C-24367,40516.65195335855
C-45908,67073.51996695621
C-33914,27455.892616019508
C-41486,76873.78464546242
C-49961,246935.5734413723
C-21413,169810.66920577697
C-25357,30082.7458945436
C-32829,70367.62351877656
C-11369,63221.94127669246
C-16651,89906.6454256151
C-34230,32086.289698814682
C-5561,39817.96931747667
C-43405,18610.59419355419
C-890,90245.7236911931
C-7667,46166.31659292771
C-39003,40969.68647311314
C-6111,314904.2779139126
C-45378,35271.17105783836
C-22368,112358.7413409025
C-24513,111380.29259749546
C-29268,58687.42913856511
C-25143,213725.03678790477
C-47851,41360.40346102089
C-4938,32471.808151791796
C-45037,40629.891291066786
C-4424,51005.57877105569
C-41533,179444.72382034143
C-41810,184177.71555588557
C-15787,40254.69816017403
C-46687,44078.20527225592
C-24409,174729.92568745435
C-31823,110265.446320672
C-25354,97011.58800480189
C-37878,122699.17581326567
C-34400,109878.35890451571
C-35435,29154.894257004336
C-49809,40146.5465692845
C-5725,36915.49126433458
C-32999,32114.92612115766
C-42629,105628.80312279146
C-43109,60586.77687899612
C-37902,94289.97487250504
C-23116,40723.67768643274
C-5801,47417.68453181437
C-21124,97606.17331897479
C-161,157340.70814158855
C-48945,20732.883372083732
C-34978,40132.64322110417
C-9952,215617.86055333543
C-31935,161894.47565024183
C-18537,48370.91154634475
C-36802,332057.9131986245
C-205,149021.360181012
C-20408,45342.40331693763
C-30656,40485.8315640134
C-24105,38078.726316181914
C-1866,407214.54655292316
C-24169,113218.78457803623
C-46557,43541.57316771555
C-15591,60862.672360108154
C-12276,71654.98280938901
C-23820,19848.809638481842
C-47040,71534.26334312599
C-31701,84981.22235229882
C-30431,26463.694011979333
C-49181,125181.59255220336
C-37338,30269.808444354145
C-24335,171089.04335028364
C-34074,215357.53866235144
C-8025,40666.9044261686
C-15287,128929.21385736614
C-12842,35352.74098191312
C-9764,45296.60165080984
C-33106,75411.18071235165
C-42973,28926.280087359286
C-19652,245590.36239413192
C-42262,188980.8833823513
C-15964,38086.84609971351
C-6258,75241.92196702512
C-42312,104098.9657055491
C-1309,42941.21823180752
C-17139,114593.32812996938
C-13343,81399.2377101238
C-43947,276336.038382519
C-41893,130282.40099108215
C-42759,122836.71945724523
C-42440,47316.82273227124
C-24003,154252.26981939605
C-30967,32063.105246798776
C-44007,287494.6548305067
C-453,71835.00667983401
C-45248,39960.5250298489
C-6067,31426.19107060662
C-30442,127202.55302849175
C-47016,128631.32808484412
C-25133,248921.49524755043
C-12835,124667.61097915185
C-2833,91667.86644432752
C-288,20421.34521839843
C-23438,332165.1857184179
C-29312,96662.44422495949
C-19946,144868.50526183026
C-18808,171849.4680851399
C-38956,71300.87133240521
C-12843,75971.51398778183
C-6996,124998.56148952508
C-39215,38334.20412123705
C-30107,139685.8461591264
C-1573,62588.85002826682
C-8410,34513.12844090523
C-6851,39321.176433772525
C-45514,32112.655417811075
C-25418,52831.219789195515
C-9408,57812.902881469054
C-28491,152299.43218648137
C-25688,66266.22155205684
C-38458,44331.06940461538
C-19433,63602.45917291412
C-28752,95316.56825818823
C-28695,54777.19552828666
C-49483,20162.947829780656
C-8492,165033.42707176978
C-1911,64130.8433888534
C-8890,106142.87126680774
C-20697,74295.63664338476
C-39555,18698.0347318929
C-48429,109361.74500999089
C-27750,70413.22699604579
C-21926,106758.39905615909
C-1120,150010.3623370696
C-19244,53105.811162789956
C-25762,72343.00769073832
C-49965,75740.84882550503
C-15062,22067.996056619362
C-27951,36561.274861494734
C-28250,112771.70620630763
C-33032,19915.74817184469
C-11379,12733.00994312417
C-27667,65571.16935553162
C-21724,44584.4531906142
C-24671,51161.86689505276
C-16249,31139.04197904052
C-22832,61839.67890811279
C-16305,33735.965842896505
C-40360,15985.704144470668
C-26003,30025.27024581217
C-3631,25723.115626895127
C-11435,31547.316930433735
C-78,31383.109998426582
C-27787,97766.39050984393
C-28763,137282.96571490192
C-30873,88417.4841812122
C-41447,103067.34997336903
C-24138,92440.64764137914
C-299,20614.753193275752
C-30869,37242.25481511573
C-10199,45905.7645624623
C-11111,93140.84630299079
C-210,19692.440608374065
C-10676,99404.77106546167
C-21539,35656.92172162173
C-24344,35077.07212598437
C-1640,82924.22128646208
C-48589,208602.86693688738
C-40962,59355.06988862123
C-5644,83090.77287482873
C-31244,105917.20980061496
C-18671,323814.2987491883
C-20777,143420.44336421535
C-25619,32232.31375209996
C-43706,44552.22102115254
C-13117,80318.17092167422
C-410,140542.4751733734
C-15404,33485.74306466463
C-21359,56740.454792656965
C-8134,123820.06608138348
C-37123,86370.02112363462
C-40361,95349.26602765366
C-25305,142859.07276944467
C-19855,35249.48773024387
C-31366,73644.05450197995
C-49325,77232.8636285285
C-16697,127106.02801623843
C-13053,66574.68970490385
C-22184,48598.52970205139
C-46101,38487.58185283957
C-30278,202992.57914874278
C-19502,38429.12379187083
C-4256,24998.035991948553
C-17018,66082.30967853227
C-3144,29533.090975806947
C-38025,43988.33066572098
C-35098,41764.561542964366
C-9794,25294.95042180612
C-19202,125822.55367149282
C-9129,79305.98438632149
C-5460,83510.75603596152
C-11167,63531.0897263803
C-41713,65938.17550220017
C-47386,50634.17905823427
C-12087,17739.733323521315
C-28669,153622.730130934
C-8458,74608.30254568554
C-7760,35810.194254801165
C-11553,184539.3947928314
C-7806,14710.19673498815
C-28577,138421.7816093857
C-38142,63616.757501102
C-4850,122242.69322639899
C-27369,43168.697302954766
C-31299,38719.79379798356
C-25532,134536.39338072482
C-8750,155762.53119150392
C-22510,153794.2972085445
C-43287,106949.86057217134
C-31770,104764.3313956112
C-23076,225310.59872206932
C-37092,47776.6869276367
C-25169,36588.59040242966
C-19765,23507.92652339606
C-21385,41787.09837866617
C-8531,173545.70969515236
C-14111,132300.21528901698
C-38592,172631.6871041723
C-59,94022.32016400149
C-1058,68723.3582713571
C-2663,128104.67122569706
C-4629,172768.18334679224
C-11986,143005.77960845552
C-7705,151805.5991620421
C-32072,43551.48757868237
C-15618,23859.169556089513
C-7850,74097.28188232097
C-45565,99805.41122333813
C-48736,74187.15108432216
C-22094,189339.1255422479
C-16824,40557.89207015764
C-42756,45335.72288839737
C-8148,225217.03637071783
C-46366,91760.99243738371
C-17049,189481.28397813105
C-26975,81159.2205638052
C-15557,49778.14851535026
C-48850,140821.37828670663
C-20135,144374.35518823014
C-18546,77643.24627293214
C-7721,42563.33525150305
C-40679,164706.02951193874
C-23148,131881.25226344127
C-39305,374551.8398590969
C-40380,25919.051222457274
C-33666,46159.9322486394
C-31101,131995.5142575089
C-42191,47995.43773147882
C-6224,22332.225307296336
C-38338,34283.41832309473
C-15187,49914.13953344035
C-37107,108661.65857018277
C-9365,10869.667709659027
C-4799,36434.25149480532
C-20040,116600.08407173427
C-2533,113187.84677183027
C-28511,59788.745970933036
C-32383,32510.45652738968
C-9611,34674.94035292339
C-48199,78324.8649485897
C-23637,226476.85790642299
C-20080,139006.1880955123
C-10376,62589.72064588428
C-44450,72251.8433140593
C-37976,130183.23033811736
C-48061,39779.3075199964
C-43074,142626.25140597275
C-38148,112140.04332266125
C-17455,20918.606816200292
C-641,122180.62043451778
C-14173,55410.18761323784
C-9056,27546.027372473687
C-44025,83021.10655682892
C-10781,83433.97086380368
C-780,230095.10691822012
C-6374,24489.05600688543
C-7651,142634.23788599813
C-43510,102731.77440080019
C-39469,159576.68788492304
C-2037,42229.15707734767
C-21754,99493.2207376823
C-18926,128212.15250172873
C-40782,40715.63686725061
C-24420,42510.85169275241
C-45745,26339.925199701727
C-24770,218756.94569131557
C-20773,124480.54075187822
C-19601,23049.1938285406
C-26022,63528.7650090881
C-41623,60555.56833945159
C-4539,46810.74663072604
C-22580,60361.67703462721
C-4471,155498.29613749043
C-41797,40707.00252212764
C-33346,74494.53972484761
C-45997,29325.61325907768
C-12696,38886.246560331405
C-10009,28651.03172027349
C-40224,53872.76115225624
C-38099,163207.3320888944
C-8541,130241.96342132815
C-33399,136338.78120249687
C-33823,70883.34001393951
C-40168,145791.10045974373
C-29151,185388.84619314384
C-31319,117365.5888510553
C-1495,66345.78670099325
C-6213,29123.528690824893
C-22429,130140.46197603374
C-18053,61410.38575142214
C-9279,167806.2613255327
C-48302,21673.861994741812
C-70,20120.62110790145
C-41230,194472.70426741382
C-2453,174343.25425468961
C-12749,32308.3954772492
C-43288,217549.0512569842
C-40472,17918.962418560335
C-45871,34802.468373687065
C-44739,17605.93164947891
C-49821,360548.04842960654
C-31867,196546.44015976772
C-44889,77955.64730015151
C-610,89688.31448539115
C-44944,80983.24663509567
C-25508,81087.53066912697
C-21395,32248.88907766017
C-14350,142561.0849942645
C-578,50171.55081782496
C-31660,127037.37476456288
C-10816,55365.64256838946
C-35663,78599.03489088627
C-43857,17084.09585817801
C-41768,19991.55028164712
C-5132,36925.462300852625
C-15020,62807.890680619654
C-9227,93236.60846266008
C-23073,90205.43963244701
C-25483,36781.459476833785
C-31057,86772.04934522239
C-49107,53440.64359661447
C-31724,144230.57314917207
C-13638,113500.61680816035
C-16213,112502.407984556
C-1195,69393.48463990579
C-18357,52506.28531283455
C-25270,69424.19881184024
C-29778,72715.26578723603
C-14142,197214.0990771689
C-3479,28331.25546488708
C-26219,149165.76424990274
C-43226,19247.217970820202
C-36575,95338.57604536848
C-3604,31244.15000181475
C-38376,107542.75591414231
C-40375,106903.19293142647
C-18010,119165.96194881227
C-22037,150881.10019411705
C-3721,30200.360554065614
C-38283,110443.47998099003
C-26875,17341.884637047322
C-6200,44393.48639385057
C-17661,245558.27712269142
C-27431,38679.704811590396
C-45155,62726.67041897318
C-7716,51324.40232703602
C-7975,50899.93194004667
C-19777,105520.64882742187
C-35064,31132.207005404554
C-18128,104428.93999759252
C-33089,74652.26257221747
C-23879,158825.84141270322
C-33864,222002.2047611985
C-5021,59660.468030378506
C-12343,70914.09269377634
C-12251,65545.85843800611
C-49393,95926.08673676802
C-1957,89387.14074597538
C-1008,102372.66438408142
C-8404,87801.37762861534
C-13570,106974.16217940739
C-39,64430.73057575974
C-38753,197202.48946058494
C-26548,29660.49791867271
C-49777,64797.830453420735
C-18162,54511.66208210944
C-155,24506.39095882794
C-19182,69862.19834336828
C-20026,223319.0157264911
C-5102,35307.38691887829
C-28817,94522.04374422847
C-27961,136985.5050744866
C-22426,164971.105132212
C-28308,108853.55172402716
C-6042,92258.06859099606
C-19764,50813.46986458725
C-47219,113624.58183757085
C-365,151416.53435736932
C-15920,8874.745753729205
C-31009,22174.280794250888
C-7562,35317.88048119185
C-19901,39022.50276700301
C-26115,121564.4021117032
C-18858,122436.31557929529
C-2114,77915.56234013538
C-12802,35813.202283434955
C-39995,32606.23830737685
C-46162,53042.614710249974
C-17728,39634.89460633687
C-27177,81450.73869145967
C-30825,23755.860133143586
C-2927,73652.70033860947
C-45625,102825.05545682904
C-9812,111971.6247298323
C-42814,116398.82610498583
C-16131,31266.02543359199
C-9916,64405.78392633443
C-25103,35199.27774079827
C-14184,75487.8240365946
C-38176,109776.83917502678
C-43269,88010.33098689355
C-22957,143783.84053717263
C-42671,111994.21329921762
C-7482,152862.17980985687
C-42431,222318.44148319078
C-17743,331741.4569211806
C-34548,108248.85959488028
C-1799,183928.53917239112
C-22226,41780.4428193748
C-28812,30161.51280127849
C-11754,89238.74529493849
C-26719,36502.39315648105
C-375,88832.53012122032
C-8527,120651.51545643613
C-8022,29022.704272721156
C-11828,33576.41582478509
C-47297,148226.24898821992
C-27346,123330.66213093398
C-13246,37907.217836884476
C-9868,198180.8965200552
C-36676,86079.87207143576
C-90,161003.31008764319
C-24148,132246.21332986167
C-7854,66159.22258173053
C-27633,117566.72712111428
C-13283,30281.673926178184
C-18686,198394.32273859455
C-33542,35210.43010382231
C-40634,46817.66501387343
C-8323,67205.24297126694
C-6480,68205.93999211892
C-3546,196880.36715993658
C-37305,279547.5988574505
C-34888,41315.045996434055
C-49836,32551.017297250168
C-41898,240032.29644776392
C-10438,36312.86723286755
C-35314,45881.51090470065
C-37639,136516.57970772687
C-33437,47610.638630763206
C-17048,27278.66737686868
C-43901,159177.80596954905
C-47228,20813.361321896107
C-36397,84281.33422448864
C-39722,62999.13942403359
C-22954,20233.626884168014
C-40474,111727.12246872525
C-42851,19965.915114567168
C-18059,163928.05736641114
C-16571,203861.05425644648
C-29934,187011.8792443642
C-7154,154688.21898038554
C-44940,85534.14567612341
C-6516,145981.8400642411
C-35096,160649.69248783065
C-29135,138344.31497415184
C-34941,93739.465220248
C-22640,118337.78605720539
C-20383,187492.4777936253
C-40836,57649.22580588971
C-48083,105124.40552825113
C-46327,294083.2627993458
C-18209,44568.059358153936
C-47943,250411.5023836223
C-18497,182126.7537437685
C-37155,194267.65631455038
C-38672,138286.36598220904
C-23918,125909.58301428979
C-14222,135684.52596347115
C-6937,123249.14086772062
C-41403,189265.84562083188
C-16798,77233.85484264434
C-23575,33018.24644084316
C-16739,177950.34002063875
C-46046,46053.10726321024
C-33631,77385.59373099204
C-37938,147197.12945909827
C-28689,151579.04645304492
C-31301,40481.054835969226
C-5618,122508.75468817502
C-31054,158966.22439910154
C-8180,30342.992391484957
C-29378,125945.994011303
C-32002,80461.04122316146
C-32080,74324.54839538653
C-32561,25991.287199595055
C-35825,43475.817275752546
C-28056,36696.66207732724
C-3927,162943.07259883397
C-46184,133698.7418467032
C-31862,114593.31315846297
C-27552,63853.62257504909
C-28882,113895.90388496897
C-48750,74365.96215119053
C-42045,65915.7728020811
C-14081,43288.36895399221
C-17547,103982.09015906665
C-17107,34441.07070207454
C-1831,131335.94699276582
C-24263,59639.12733682387
C-32979,55651.49520637294
C-1236,71015.51884800731
C-36469,98238.49574346658
C-10252,27991.671231936674
C-9985,82938.02332164606
C-40443,43396.65261494864
C-36255,250791.2386175115
C-31326,81280.98131607295
C-46495,209550.0011609949
C-15605,99403.80727272868
C-518,95296.12351162311
C-37901,83564.0010278195
C-21697,65750.09115997364
C-19543,56324.78231446938
C-7895,65063.226324882075
C-20633,15565.261935201774
C-44000,27612.976446097586
C-37035,82256.26013791245
C-42690,102987.95615355394
C-27983,253606.73760270645
C-26270,149656.81927178768
C-2892,25264.406214594506
C-40610,68609.38269341584
C-41080,63754.41585129024
C-43607,39538.06443235446
C-19179,18249.424878262857
C-16698,80599.63447175502
C-18792,35753.78240345991
C-6638,60894.12146331772
C-48950,31429.25504769379
C-25334,24415.781568698232
C-5332,33388.44342884549
C-31302,23592.103055592037
C-12606,43228.42289682578
C-18846,160877.53242913893
C-37148,34048.18768412603
C-1039,52935.65673260236
C-19688,137054.37672397547
C-29389,55718.971308056825
C-14194,111273.60121058338
C-42878,78954.56310824504
C-38556,74276.2066032544
C-37716,13435.36725085399
C-12725,80601.61306481958
C-4294,131970.62212795645
C-48582,43033.08988154233
C-10167,169104.60655143135
C-16505,48131.42761510705
C-29707,88146.10190780202
C-32081,121241.58654125361
C-17151,34986.79056512171
C-7310,193987.06114375044
C-27497,95184.03915609654
C-24675,100229.09547598883
C-2220,163591.48373467207
C-28460,97129.01397216438
C-33871,80183.2371378327
C-36932,60824.51720123632
C-21027,45018.126786558336
C-24079,38733.09695751128
C-19679,170886.9731231364
C-1756,33903.3833702727
C-21012,53623.97708399751
C-49355,37869.78679718447
C-11739,33221.81681806058
C-19319,48347.486224141736
C-49692,130420.08831361217
C-49785,43202.0828278365
C-33164,72671.77693505585
C-37681,118251.9285124102
C-23555,122119.91122048881
C-21984,206410.49964611186
C-24092,159540.85434043195
C-6471,52025.32374655565
C-24390,67730.2890856905
C-35416,134790.94335312728
C-36542,39450.0324296012
C-12406,170155.37881786676
C-2834,148747.2557848582
C-3697,70322.44115513808
C-7851,14020.770505762293
C-22634,30470.08332487657
C-43086,52551.42337645289
C-33962,194429.20240121626
C-1279,147388.64231646172
C-32535,73505.30098868375
C-29561,139129.31944448664
C-36610,47418.89454461313
C-39727,103726.88652625501
C-10474,26419.380947941932
C-2379,34923.17668240419
C-35644,62331.24826315657
C-37583,114142.83149451404
C-47450,47682.005563752624
C-2147,193248.27584845628
C-12235,75038.73553857095
C-47645,46955.54567016712
C-31467,144651.63699992033
C-10742,14711.690436460152
C-14518,54369.33444528944
C-35017,50368.5256525298
C-37064,50564.57921289098
C-49183,114473.5304305148
C-3084,72740.31851454062
C-3206,47743.27183630016
C-23071,18237.320510915273
C-42301,51455.742210731856
C-48214,45857.367657534145
C-34737,38666.0015419249
C-34691,10593.472301165302
C-10783,217077.49010108577
C-46343,31743.09846807219
C-36645,162106.97082142514
C-35535,94312.87980116464
C-42247,22563.81841442233
C-28655,33645.274792543176
C-23075,43616.17279121553
C-26932,36517.536510638565
C-23009,302543.6874275465
C-9063,236671.51935053663
C-7373,158551.7915610013
C-11626,80012.91586571523
C-32500,115526.19469638167
C-42448,39199.12507408836
C-13376,180755.9515288861
C-43812,52082.57512552763
C-20910,104154.15134259984
C-42556,148253.87638251676
C-13064,47156.68762440356
C-7211,123787.95794229943
C-16359,24270.879428051365
C-40193,13919.15724781382
C-9953,146176.7684575604
C-41575,75920.81404639845
C-37503,253198.4024368349
C-25479,37567.79892213496
C-11555,78025.20598265676
C-9258,90435.48243003678
C-4189,233489.96922323824
C-45246,106206.92745736692
C-38644,96864.09889624255
C-28232,205969.30847187756
C-41780,89399.00269588118
C-47866,164220.15466873097
C-44203,76824.62895534326
C-21228,34868.27397743453
C-17108,42645.603565223
C-41812,37600.59855553202
C-46757,105648.7817901133
C-29682,221942.08886629567
C-1610,39131.52851355703
C-32576,164611.61804777762
C-31804,218015.88033579866
C-37021,62384.78777753845
C-44567,68426.70955811108
C-44415,32902.40021649028
C-3385,61594.929773011616
C-35668,96507.99356892481
C-43028,12083.226602522316
C-4510,68168.95080360948
C-33144,26071.545155013944
C-31128,85231.89572646936
C-38820,141938.29209263244
C-7512,213778.14378931772
C-16779,68974.50714725455
C-12718,20123.10625007538
C-12250,76156.74695494585
C-41006,49225.33285662468
C-48111,147391.79449009546
C-46783,96899.90279338206
C-4725,75793.47912545328
C-2407,76085.94819822554
C-18155,47978.30461289997
C-47010,56221.127644637345
C-49468,28470.104704507194
C-21882,37651.90766315915
C-31839,32105.246201805174
C-28706,121652.75699042165
C-20480,102934.04191772787
C-27539,54260.71942215401
C-39329,36040.49319136162
C-4782,68804.66297774033
C-26431,104676.08776259633
C-9302,26638.074888834068
C-46426,67108.4737572419
C-24596,93904.59966992664
C-13972,121619.83797785983
C-46747,83031.7504202924
C-42428,42319.778602430626
C-9774,90074.04428140781
C-13973,62311.218106211345
C-16203,37966.389851531836
C-46161,119515.43050601555
C-20014,28783.85717355455
C-23580,62718.81470238603
C-34998,127676.68520969411
C-19419,65638.88813881295
C-2161,54425.9006657747
C-1677,215826.92868276685
C-31998,218847.3381049819
C-10651,76042.48184856716
C-17506,62308.20891981206
C-48341,69960.62592816488
C-31047,44957.12626828323
C-49941,51772.60863985964
C-6869,29516.38754627322
C-11933,36866.77481163433
C-42078,120049.98577877543
C-34962,86217.28874137318
C-40936,133106.00014719611
C-22574,42514.3035675707
C-34546,242645.19400791987
C-20806,156635.1119730748
C-11758,39152.87806673635
C-5864,77811.47926806791
C-46486,151711.96038266912
C-41685,35444.20701726053
C-49987,81486.30851285624
C-4891,75983.93296686659
C-1062,75516.28759981903
C-11706,73652.73074710087
C-23011,90972.87793603021
C-25229,217520.8028380138
C-15675,18485.65611142307
C-44144,61100.256333324556
C-44632,84622.79701801213
C-37088,37092.950600783806
C-11250,131943.6048018064
C-49021,38099.156523021564
C-5896,122210.1793240614
C-28340,43385.91786993762
C-34285,12288.745335717846
C-43444,37529.59472820757
C-33589,73258.33079673
C-36108,39069.84174774926
C-44135,41962.6429521369
C-48171,303423.7261715928
C-8113,78019.98756931756
C-31698,195425.82539701147
C-24484,46094.33997908415
C-11572,114848.55139774889
C-39293,137692.24464052418
C-2248,67049.47505393458
C-20153,14568.682954539234
C-48743,38563.58071191907
C-19337,69430.15101711928
C-27313,18163.415956662633
C-28482,62131.641607519596
C-35567,72355.7647215613
C-13300,26003.37255437875
C-6171,149753.51182973097
C-24556,96131.47917531319
C-19883,159412.7022869823
C-9563,28088.63152305635
C-32823,112573.62929445946
C-1910,22431.685640953096
C-35090,128058.31959804443
C-48097,11637.180506051336
C-6984,200193.12798234186
C-182,76985.05228308277
C-2316,20148.163906489423
C-42718,25302.535783637548
C-9112,44662.04945607363
C-40365,39172.15984568561
C-21069,116404.32699869534
C-2665,144351.02998998194
C-15219,110732.53407044058
C-10253,65298.6936977864
C-31847,113436.09836571662
C-29214,39276.08851328697
C-44492,54478.67263409465
C-32841,13639.284571699709
C-224,41214.6447639696
C-18112,115887.01064379516
C-25751,136087.32696051564
C-35173,37295.147604484046
C-39620,133750.90549983233
C-22779,116271.60036839619
C-443,38314.57192482008
C-20137,15261.487528936743
C-10367,150015.78628602743
C-44613,57201.43087293685
C-3410,15754.704804696756
C-426,81412.98012728833
C-19982,23209.018199857815
C-37942,123357.73287058307
C-45864,24724.87878077477
C-11922,95019.78028835836
C-27679,37495.3120249994
C-26526,147654.54654013593
C-24275,42442.807826749755
C-26174,124295.91247377142
C-9165,45710.952674360306
C-44495,58697.9152959346
C-2043,68831.3615565658
C-37739,100257.44161241846
C-7170,155907.13734973726
C-10799,30986.150692909934
C-6066,85366.80035297947
C-28412,106945.39710023657
C-33122,161785.23566275463
C-49388,132499.18629376648
C-25639,117786.77756065333
C-32699,84937.73835490867
C-38886,114432.79904519017
C-41412,438091.91800347285
C-3887,37764.63936199415
C-15877,166455.97836241417
C-42716,68535.43920324303
C-4541,80038.28957459009
C-9073,99228.26585850521
C-47512,145478.36497147544
C-4177,278727.9646575411
C-31638,300300.47495794983
C-21625,94905.25916131862
C-7600,207523.70953681556
C-33426,173404.97298002808
C-43634,50597.531012526844
C-48931,134837.1742548881
C-28355,25834.468210075254
C-40816,137922.40302029403
C-12265,75599.18690409
C-49542,32479.496705795063
C-19957,4084.980389584554
C-29721,24621.88512017058
C-43436,152349.04359851463
C-27656,89735.40887752856
C-26996,137678.08529312827
C-40570,81898.65355384575
C-40784,99020.45219942667
C-47254,147213.30942400737
C-32799,121533.1849794264
C-31093,27238.529171906895
C-32162,81332.35424922466
C-17735,37356.72025193096
C-30945,165976.7484031936
C-4314,46852.54838792521
C-24932,98311.6845947423
C-26147,47350.86506308955
C-23777,14368.157898208998
C-10632,24072.451577626172
C-21897,133170.4155892101
C-31590,57591.070782203264
C-34344,79612.0365182022
C-11027,32312.659446527454
C-33172,19394.339652488274
C-8550,11510.571809345924
C-49612,23492.559627627576
C-32386,61307.4374078923
C-22419,14407.974714963477
C-42985,55182.15138522446
C-18323,36008.41076541689
C-5756,14373.93379147396
C-27908,109713.67897725476
C-489,17173.63306586288
C-16152,39404.418436398766
C-19109,28815.368695691992
C-32585,134256.15409100932
C-47392,34812.48968637425
C-26005,13981.608748273973
C-35216,71438.86194724527
C-1769,23489.207044143153
C-35803,106302.41728870754
C-46333,43578.93017659986
C-17368,133149.90305486805
C-24329,101564.42730268168
C-939,115802.33539330176
C-45839,84665.89596376104
C-30493,143871.6240276193
C-41999,54011.46019926171
C-41838,140572.371649994
C-38612,94017.43163214393
C-33132,101842.48613074115
C-23206,45390.950868780186
C-48077,33914.34326267538
C-21978,125005.80045076883
C-48307,44858.202062140415
C-13840,127734.67187953054
C-18286,26861.101511283545
C-43956,188944.1567551953
C-28720,23178.523611212706
C-23558,27191.864430549685
C-40561,9832.427117485466
C-12202,158525.1957224408
C-764,37766.0752623515
C-43182,141916.97264937285
C-9638,91177.20848437773
C-13639,25425.95738400584
C-32830,39091.37530122828
C-36699,239982.5308622156
C-17186,203921.0545246396
C-10839,132151.21963784093
C-20515,45385.277714497104
C-39749,41799.268141709006
C-26179,64768.98506632014
C-12430,41487.861829620306
C-49009,251505.84334612906
C-37441,206448.2724036592
C-42414,38602.83170478874
C-24108,38533.365492231605
C-28076,78368.16763904368
C-49831,36424.82770893918
C-27503,212771.03745267002
C-4131,80996.79111441539
C-18235,146148.1385303321
C-20907,138935.17304038085
C-4623,223978.01443157878
C-37664,143557.57334862882
C-17969,64068.65714724927
C-46530,44045.31744555048
C-49504,70804.74792182361
C-16276,112663.27060684665
C-46519,61034.62239620413
C-10593,119197.97581913078
C-28271,50808.42284903362
C-21668,56375.7848866959
C-28659,114820.40088373408
C-49258,116759.63690302703
C-5034,167166.79730760094
C-36797,138459.09851950634
C-8733,247748.65278149245
C-18587,110045.80723885368
C-49149,60955.5829940941
C-17114,89325.91440886736
C-28146,70916.48156701408
C-28831,54672.13679157891
C-10844,59164.39976624057
C-25592,175752.38232805545
C-7509,118463.65901127912
C-8060,113936.2592133323
C-42990,55443.05354229668
C-12588,22774.01257946472
C-15715,194580.84321838367
C-24716,42360.17238790751
C-44515,63699.727659699805
C-20074,66121.07747726074
C-40664,82802.88769580753
C-8052,127720.5506693182
C-20859,69942.85246584531
C-40436,37278.633579679146
C-26747,154848.33155047873
C-23673,80328.71761304194
C-14239,143110.65114946137
C-24167,83347.34171724782
C-17868,87537.528398384
C-35026,225700.2999873982
C-24497,111409.913287973
C-9037,100666.74385770079
C-41628,114014.19073841165
C-35456,167007.40329893076
C-40051,202654.569304272
C-23989,142660.41522754487
C-11157,93246.19525816718
C-13885,85600.79979607798
C-33611,59343.43353348899
C-38826,76741.52179301514
C-39694,135019.2270342641
C-42352,138223.2066536968
C-18506,173774.53701372354
C-43450,77913.14845793956
C-26268,296272.32733322575
C-41527,47763.46539342804
C-798,209816.2454307313
C-38452,26440.869654596423
C-28997,165411.99017339834
C-27565,33039.904391554664
C-12215,100799.10643317121
C-27163,34982.68850813482
C-40228,20090.992660160424
C-44783,40169.601335232015
C-21866,8183.168314891009
C-39190,32269.28332175655
C-12495,75045.91199619175
C-44617,23935.15235814326
C-13532,67477.39510423758
C-49461,64406.58967990298
C-22362,103552.32259924605
C-14902,209603.8417577134
C-38634,39515.44836462598
C-11731,33011.42217635648
C-31376,17072.7223966415
C-34215,61281.76234037158
C-12722,48475.27084581793
C-48707,155910.40795321838
C-24458,85426.50067429972
C-19594,122326.38477560173
C-47403,39819.020072555366
C-10935,238405.81904266938
C-32711,30317.593585978648
C-8944,56356.664564966166
C-37288,32026.536362735642
C-14494,65388.93727987036
C-5821,77029.90738625063
C-41343,160097.63782822434
C-6229,125124.87189575196
C-37233,6689.778130383564
C-20583,70939.75674193322
C-42487,109348.98587365542
C-31887,125819.70768342286
C-30392,122089.01636314482
C-47422,42736.24921648666
C-48295,116724.96927007473
C-1374,122709.82468293085
C-27088,68492.28295372223
C-45850,63727.10245614076
C-33677,42913.023935038924
C-39958,37841.45215438859
C-9471,31777.884417026173
C-33160,72595.12305568357
C-35035,139930.6541180599
C-9347,28743.344977337787
C-40179,7818.846685902985
C-270,77118.29737265117
C-20626,79639.33773304897
C-16937,125238.15910775107
C-28952,194471.32211148608
C-19368,145375.75466497455
C-29567,215080.48041285542
C-24586,59790.11538279284
C-14571,128255.51361258139
C-23833,97725.4231770099
C-19523,61724.363895795046
C-25420,25704.332417723603
C-16817,45042.653040222045
C-17739,45098.62708373546
C-36083,214478.63969854361
C-41332,14258.92305956968
C-39916,108110.74697009183
C-13559,21399.810076759357
C-22791,29572.770424043123
C-5738,67205.82636246391
C-48271,249018.58503434903
C-3703,171203.71453420428
C-16446,139314.18750363943
C-25343,227714.01771071434
C-36081,76960.68897555202
C-19684,198415.26005517392
C-40117,38728.47710542901
C-17568,45146.84712583758
C-40083,56292.25219717272
C-31097,33731.357478350365
C-17997,118171.28740368546
C-4349,190016.7113076204
C-11302,97889.64832920513
C-12494,58611.90667254265
C-14289,89349.35619903394
C-29587,77326.2106817871
C-10864,174339.05221984946
C-11161,118305.22668673363
C-8727,109958.46142471748
C-15070,88689.97458971447
C-3096,152201.88336685178
C-10393,62359.74120403226
C-48576,75917.73318452081
C-13558,137061.1335546785
C-15909,48521.05379371578
C-5258,105243.08410162857
C-17044,49739.52568125977
C-37471,57115.31047170006
C-12241,83853.26412374957
C-350,220628.41354100924
C-34397,39894.310443861184
C-23830,87984.82152429898
C-42433,177444.13793036173
C-5223,95214.09879671474
C-45056,16005.63704232218
C-24765,2958.592939175123
C-35890,48181.47294347155
C-20672,44602.05740901826
C-47722,67636.89361625901
C-45356,27946.355233479306
C-139,104660.3602545665
C-26197,47412.9717269441
C-37702,77493.69372468088
C-11853,79769.54706707594
C-23083,104193.96621043644
C-12944,261930.17220142606
C-37950,10853.709336265514
C-17019,119582.21731064116
C-40296,47560.99973478825
C-10646,51852.653733470135
C-48872,258620.80504514583
C-10071,133896.6952553722
C-27078,140263.48595848226
C-40408,32976.60039530153
C-41357,37756.66607746721
C-34990,31197.668669036997
C-7522,95306.75925282434
C-42477,61188.837798629975
C-27154,26853.48849056422
C-26489,97853.09141545353
C-7457,87097.34867798143
C-46792,13528.728227604845
C-41233,54687.42838572568
C-12682,32060.802835889874
C-49959,90841.85019080751
C-25598,38971.900968920316
C-30676,55654.2694865326
C-35938,93872.61665506205
C-10131,99434.36102364812
C-38174,154638.49517830284
C-34647,46584.299690166095
C-3471,36352.048019362504
C-22088,90061.11477976342
C-18676,176235.24049813615
C-18262,78769.6141775647
C-31143,248857.9977663798
C-46168,53158.44364661256
C-34547,123312.8076816855
C-30085,142728.8941129833
C-22264,69986.67418473682
C-45435,32734.96413923634
C-26472,78637.09355478737
C-32784,12717.899544610736
C-6992,35285.05908737435
C-33569,14031.778208536189
C-40347,175600.03395266834
C-34190,38748.26159083624
C-7038,155806.04935901647
C-24058,146407.7057693386
C-48629,85364.28501485857
C-15759,83399.25740728603
C-42002,37402.58484880983
C-32595,57854.3360506479
C-28315,69004.65966878476
C-39969,91240.08423943637
C-40092,235373.8901086699
C-48159,111990.44878341114
C-31681,70044.49908734793
C-21879,55014.72930379231
C-20993,99343.86174427524
C-2481,238079.56497442754
C-9535,42438.36369898176
C-48344,103122.03147848042
C-49369,145840.8820908109
C-37807,105765.81616342247
C-3362,34400.63772789774
C-25496,272402.50051718624
C-10416,9560.335211413918
C-4718,229676.0491349667
C-928,28443.90072670447
C-46942,78709.14539786609
C-20943,46133.81491058849
C-5273,21514.681657509187
C-36730,79400.86490867614
C-47752,41473.070996285875
C-30607,48050.74932010161
C-38742,28497.92063854532
C-30570,41217.623004927016
C-6797,121353.37533590166
C-14997,73884.98448246109
C-26776,73388.42102402197
C-27342,72472.94216688635
C-19174,182414.26441173456
C-48651,115014.60442755536
C-44701,175040.50983822573
C-47441,27080.504494472287
C-48180,65294.468198550465
C-46601,157869.26588091717
C-4305,36666.925025147735
C-18400,126216.59113031063
C-30171,358141.28151848505
C-304,197533.3638031991
C-6846,175386.42312299233
C-14019,22383.85212631491
C-11450,25593.16066371885
C-10856,43275.08299214095
C-772,97047.46191114506
C-46814,125351.25630505447
C-32941,29267.86996972324
C-26638,39783.54113344373
C-36099,75485.83209736556
C-43300,59493.653820660955
C-24494,105801.73607686389
C-36405,150864.8893236968
C-5316,51422.54409278391
C-8090,42501.6346319505
C-23785,111674.09358713974
C-30048,26973.358330136532
C-23999,68319.53465644032
C-21246,15470.915133343473
C-24908,74581.65187401182
C-41559,135601.21981794084
C-26732,68648.88873013794
C-34769,182884.72993750407
C-38686,50930.874951040125
C-7852,40108.996324472406
C-6901,69900.3119916884
C-19837,39326.13830084823
C-37143,32318.03331222375
C-40324,261232.1945327093
C-39679,69139.96065198632
C-17499,50863.296261416064
C-22605,52286.18951325648
C-2317,101384.09101637239
C-284,26837.032709568124
C-40260,51004.17477895992
C-5833,97833.95218082887
C-24902,165637.07269965377
C-31837,238311.71302096566
C-18628,26956.756656126887
C-2087,42786.295291926755
C-10209,97633.23329573627
C-27057,106402.69981473578
C-13896,43554.2881437101
C-30394,15607.806949366559
C-34428,99244.30448603372
C-35583,62606.44928244962
C-21258,20782.14822655166
C-22305,145018.88750736698
C-24291,47672.08302698107
C-13503,53192.56437314757
C-7013,72352.68077343763
C-31559,159829.79866745826
C-45937,70108.71868013125
C-43558,96864.82590462324
C-23740,36293.044927086296
C-39970,56305.300078657914
C-29227,141304.67742889104
C-21379,55820.30006166541
C-46120,100192.9961331636
C-35858,150101.28353032292
C-42442,122553.12717436253
C-26851,72130.55955512848
C-49036,38627.11869033306
C-19622,76397.05887224896
C-48793,105217.04691995253
C-6237,291632.2541354249
C-24305,126600.26968350862
C-19328,29009.896666533576
C-17406,155876.64977065488
C-26235,23017.060551126327
C-17606,122084.68776569326
C-47125,119612.8654270724
C-40956,36828.52760904247
C-24931,24285.458376393573
C-46311,151225.26250307908
C-7944,58563.302053062194
C-35048,174989.46168270955
C-27769,55833.20313567335
C-14641,37064.33118600266
C-31440,148780.13228394452
C-35960,28162.789825466196
C-25575,16800.684499753334
C-1182,106034.80032828874
C-28654,139986.52222877537
C-37239,52175.83266310079
C-41829,189170.2051442317
C-15383,95864.17072236455
C-38711,108108.38788623402
C-37629,42129.11133922178
C-27543,31928.787298929718
C-31344,28660.565403454555
C-21976,75738.01694990629
C-33628,102242.09066661359
C-47454,136026.52905482112
C-7997,112127.73144940208
C-31159,156523.0498169351
C-44590,78672.02940874828
C-24014,89239.43966134866
C-40662,197387.13921029065
C-26384,69735.51712614339
C-46472,114220.10358536438
C-19741,131964.2797864859
C-45481,67234.82729870843
C-8702,65349.54739062332
C-17322,109458.3198476899
C-31561,42216.914947707206
C-42227,96026.30538132698
C-12732,118644.01969781083
C-36082,21318.668537410224
C-32911,202186.84892033588
C-41254,120903.99885778736
C-38434,23047.87238582729
C-38703,138200.95607363936
C-48911,191048.3716683861
C-32904,75309.22286037337
C-11919,184822.35080700435
C-39652,114953.14530432608
C-47710,71091.36588530125
C-26709,97678.22116763682
C-28825,321353.2989817881
C-11649,122626.11264360402
C-17458,153489.3642622136
C-2477,111243.7609327063
C-7620,42503.71177741411
C-19853,45464.437489253505
C-42943,99151.29527664748
C-40666,227499.4687362356
C-32186,141008.8295245429
C-21125,36448.79639559913
C-152,102096.38449807133
C-6138,166277.16532935837
C-48938,85060.37826444652
C-3184,51415.68606787501
C-6717,25410.00074539186
C-20874,185924.31326611686
C-4716,85530.11236220018
C-10249,43277.35159774698
C-26136,16217.39701818404
C-31987,90518.65428445637
C-19488,28672.73839071315
C-48890,109962.21367167639
C-29133,154193.15185521747
C-516,107426.57301955998
C-38193,99283.12165133351
C-28613,40762.39425548353
C-43191,32684.21337696861
C-3253,120438.15035249638
C-44858,172138.42642983515
C-17233,38526.12849543324
C-17429,41014.32082964715
C-415,122878.9587611326
C-9484,190501.9670610603
C-48680,133765.17017584326
C-42595,67963.20872260176
C-3275,209768.50637914453
C-8291,63342.98887138433
C-30451,73703.40508483243
C-49857,53457.09017494417
C-28293,40549.16216127109
C-34027,85838.7433084307
C-30385,19238.889169209953
C-25821,141076.73288064095
C-32290,33878.673180338476
C-35653,52955.61366156584
C-8615,191150.33568956668
C-13137,30065.58878925525
C-13038,84887.55424980048
C-31230,44658.25437591261
C-48940,136938.9315653328
C-14941,10197.501193317028
C-3148,16849.36553329525
C-7229,212254.051323579
C-47950,79646.91185104888
C-28554,108762.98697334953
C-13847,26261.47927977738
C-13694,104386.17385960855
C-7383,39779.34351859566
C-24360,149592.599059945
C-46949,42463.72874359952
C-1329,49494.01595055669
C-15612,53302.33747116174
C-3738,72858.63687834235
C-22025,68015.0481789522
C-13859,106643.8600896712
C-44588,23576.88650852456
C-2385,212950.95202934046
C-4187,119679.52133989597
C-11900,106950.74477935926
C-14351,60321.272550748545
C-47548,69767.9182849526
C-49781,83522.60567264982
C-32332,79508.81028059877
C-18962,138665.82861173124
C-30792,138886.85362902202
C-7429,186590.4621061753
C-2586,46906.11579094352
C-46445,120397.4118197956
C-4304,27938.5987299322
C-37665,78784.2177343699
C-25308,31636.470777367882
C-21706,44431.70643875683
C-19492,14931.032413565013
C-15341,98158.78837574825
C-49893,69018.00600305168
C-44400,29698.937317845
C-31585,115188.66284930892
C-48683,7381.969306256851
C-28993,121526.74485499736
C-3582,48760.80701107118
C-40249,21388.352493328028
C-44979,13920.714886099495
C-23211,184954.2193944258
C-3706,121348.16610353965
C-4787,33536.97441943145
C-28799,143140.33763282595
C-1602,67562.13328674821
C-36760,133252.6919246376
C-11931,40613.29728723066
C-2680,80811.96942547456
C-5505,176608.2911878373
C-24998,45453.73506558752
C-325,63034.33828929357
C-41376,149800.98607037542
C-13446,103786.88111827895
C-12345,68908.07860464221
C-5791,29104.206452161092
C-1847,126922.31083045423
C-4853,49096.51955276424
C-42041,107228.29083448225
C-43936,115298.2596117602
C-40806,149468.73104590902
C-12854,4231.5825771001855
C-6494,25237.916055176087
C-32636,50655.59647186002
C-43518,23921.487099420898
C-6080,69062.34988789461
C-246,33811.46334125767
C-12921,63061.98798562143
C-6549,84706.57191906837
C-41075,31943.598496105733
C-31510,21442.520455067068
C-44196,74583.602544719
C-10403,107006.03702433674
C-37759,61962.339552624915
C-40295,59225.796957899875
C-18016,148005.81086513604
C-40191,37599.393295854934
C-6296,42112.01281270647
C-21875,242017.20239106164
C-35201,131129.840237545
C-22613,121815.50121035453
C-648,153651.79519596233
C-3246,126651.59563136932
C-33674,135871.39726221003
C-5413,65676.44835275569
C-10976,54536.36008935022
C-8425,40997.434434141804
C-43500,115388.49813197818
C-27659,48046.34407026611
C-21461,26103.460987988823
C-40858,44217.84101193889
C-38722,27188.13104639739
C-7982,32965.738201419976
C-16385,28977.272335483438
C-693,104759.32811940339
C-5131,61234.943488896075
C-44625,44686.097436879856
C-6757,169761.1489846034
C-28132,90764.18683992818
C-29658,74753.69321506655
C-21006,43019.68590176581
C-25074,91007.38505439613
C-6388,61476.73718440123
C-4392,62918.4373790809
C-47165,82757.67485740555
C-2837,101238.77526873513
C-45888,28425.067393957266
C-41089,33348.524969260296
C-47358,55521.26018232712
C-5683,132073.28918415826
C-33012,105395.14408226237
C-5550,28790.60037941995
C-29506,50373.030083921214
C-33421,48334.6657351094
C-27824,13675.55002850598
C-30068,22613.32138502002
C-26933,86209.05862917572
C-44041,51315.1849634779
C-34265,42946.660734498546
C-12726,122141.9653725559
C-42315,172284.76656841277
C-17319,34120.08582409583
C-23242,67184.22180817486
C-31933,104523.00592313832
C-43725,28983.331525131085
C-16085,14554.452074217037
C-40620,47262.29295999852
C-23407,78532.79433087638
C-22488,26107.49299384904
C-40412,27414.70951216171
C-17223,6811.791077053922
C-8876,72343.4260740803
C-39518,31733.50459215828
C-44953,183053.38169703924
C-32189,33137.1091140928
C-40186,54401.2291929908
C-27715,194133.80408819136
C-37537,54557.080252729036
C-27448,226824.50784284383
C-15438,126445.99345435454
C-4244,95854.62174681594
C-21733,35281.69604553741
C-48188,190113.49018931997
C-33615,81658.35497220715
C-46304,35169.60344112484
C-17164,70515.01206028374
C-49760,108872.42964856011
C-11826,129193.22601553642
C-37572,119680.08669988485
C-36121,186126.18867726048
C-37990,62266.84864981923
C-38575,69117.17005912724
C-12761,54616.582452791525
C-44782,131402.9660517556
C-8318,55739.05868267887
C-41339,31628.933697978006
C-11906,15106.505856184316
C-39368,75958.93923360968
C-29518,59759.39304242113
C-24363,28520.511402391043
C-7770,76303.81574757003
C-22364,68473.88483394537
C-45979,91023.52176223422
C-46943,78822.53034752463
C-43934,37734.90964027215
C-10715,23677.291597154865
C-5768,21456.14926453519
C-6980,131353.08866987334
C-36647,29945.536694768783
C-40145,41924.82029854792
C-20091,195074.7764550648
C-7594,34638.323593100205
C-3154,63545.362903403184
C-46438,44254.95342881417
C-48834,75361.25567786132
C-13756,28859.339318902894
C-6153,120890.03797182655
C-14360,118704.20666150472
C-31448,102610.88617181954
C-31348,147055.80979835367
C-39909,236384.35228378378
C-16226,61362.172345002575
C-355,34428.82897375593
C-7778,79860.28024413463
C-37577,47510.95455530793
C-9369,107769.79362827691
C-37280,124833.40468079003
C-889,99391.56255689064
C-21374,233787.6753862347
C-965,119062.94116766364
C-32944,110419.23288298388
C-40421,114871.86306233236
C-17620,126696.47425116487
C-13704,27581.19286786829
C-4213,52641.55435346306
C-33466,200869.82167741295
C-19105,168430.33795401538
C-38420,102795.18568793341
C-40202,85076.51759683104
C-42982,33834.697423027705
C-37231,45836.881772481735
C-42537,76833.54916362387
C-30615,34963.30519511513
C-21675,89086.67388150406
C-8796,131995.60891807915
C-19557,72143.76428088402
C-3916,275631.71561997925
C-47847,91300.86290640001
C-41770,110633.0784605157
C-15687,71193.82884424669
C-40760,38572.5283967282
C-11577,40867.310416474334
C-37214,273898.8268616549
C-41171,274811.3182606399
C-19710,26213.88284073311
C-45328,33332.106630955735
C-6,98380.04199330503
C-23942,74941.1215037376
C-44211,38127.47980360128
C-10966,41296.327580908255
C-940,174699.04659922016
C-16418,309292.57137639256
C-35867,38841.37308157072
C-18233,198134.96614334104
C-5653,85836.95438930899
C-6060,39129.077391026374
C-20812,54858.5157215808
C-14575,52154.93653625612
C-36422,18850.768448189177
C-30547,199687.30096620767
C-29166,84583.77360613875
C-31246,64539.04156911489
C-22112,21850.837016627116
C-5980,26629.156687343693
C-30852,84429.08890968961
C-42567,122062.14178560246
C-5380,52055.13827385849
C-47501,250898.89263813544
C-24299,297625.413796513
C-7892,28885.47854535932
C-16544,97915.315225191
C-259,137889.32382772848
C-21594,20230.32442180052
C-47995,44985.64663401043
C-32770,270292.96349289676
C-12101,155168.59612485464
C-19588,86060.72844075537
C-20494,52363.02047949158
C-39409,75125.11994886663
C-26410,119731.12175259138
C-15732,19574.405491784346
C-37384,67341.04523489963
C-1772,187377.1876214598
C-44169,151296.0174974457
C-40307,21742.65700494878
C-18107,77714.85871311168
C-27660,36007.27606384292
C-49396,145836.06678912748
C-37218,76501.82120145111
C-22617,88858.0546299143
C-31523,36587.61022098799
C-33043,47954.3702093979
C-18439,121660.24777796394
C-35974,66977.74084980146
C-7351,125566.28108466185
C-15541,174212.68480048663
C-33630,43384.78058258746
C-28609,42029.96795779128
C-31531,27715.47703721667
C-8819,18619.1063723251
C-25512,242188.34586933142
C-29218,81965.066100162
C-39077,78457.72794724864
C-26213,23454.715504287058
C-45768,86544.54785267971
C-29541,80247.19277961146
C-19915,125845.3582792448
C-14573,79078.16954540773
C-40564,13884.450234739905
C-17169,39865.420487548974
C-5622,29970.250851428777
C-35652,17555.028751476675
C-41197,51592.0163839596
C-25791,72360.81137164649
C-29974,56776.306521401355
C-3803,59271.88528412607
C-29797,25774.97643512913
C-30728,34666.29203684815
C-22975,73979.4673743614
C-21010,38623.56349778547
C-33700,94973.6891967809
C-30715,59340.62513173456
C-42698,70072.1375659698
C-23066,18009.635814623118
C-22778,155484.92396714192
C-23702,91204.78849089905
C-41390,18528.228605095457
C-44285,96825.01003556348
C-9696,101583.01084092086
C-8499,20484.158066684267
C-29388,88861.09523266612
C-14543,52458.351893363884
C-7545,76590.74195272011
C-9800,14628.32384978387
C-30192,103787.02302055265
C-30301,93431.83168239628
C-23981,93787.74352032336
C-3892,41185.77401753416
C-7946,139801.6055716341
C-30095,15831.028452534307
C-582,82649.29405961864
C-39666,73172.4179483577
C-4192,75502.96015432617
C-24485,91664.16466974266
C-28143,59394.1053822148
C-16931,114108.49552993527
C-42139,97274.06966211593
C-1234,44501.39454008706
C-24411,21572.207081828747
C-42028,109438.36625554376
C-48172,73335.26107570731
C-10648,121268.6683259521
C-34148,142471.61448370595
C-36117,18173.565098644485
C-16328,68695.91986029105
C-3731,40944.59742601916
C-1838,326489.2407992188
C-34873,37441.48456241263
C-42904,36846.08778022497
C-31632,44357.95138971008
C-37560,112199.68156114369
C-6732,47712.10462644696
C-26440,66479.2598086713
C-23111,216628.63193400012
C-17646,39625.260578930975
C-33621,91247.16002047088
C-34787,208344.3749170678
C-39023,28957.19087391718
C-28277,139506.67564170875
C-12563,159241.6240803905
C-23441,47277.455434919175
C-11669,196149.12918355098
C-24457,226786.3561871216
C-47326,18278.336408960808
C-2284,123452.63519208763
C-36572,19664.107803193863
C-48081,18031.306648433743
C-27842,146036.9037463055
C-47065,29875.852325822234
C-2179,27447.602551617136
C-39651,120235.57584913672
C-2431,45359.34077049439
C-3040,28578.802803433384
C-39592,124443.44051538636
C-39855,110023.56412489385
C-40533,107283.82429330591
C-25730,98864.5503431729
C-36526,33559.9412526719
C-46947,128635.33219522038
C-44678,103144.36409079703
C-27443,153458.06914147746
C-28124,63899.190065673705
C-25290,84052.7600280771
C-40623,135548.06635701662
C-39674,215700.52139790842
C-9893,250629.50175066225
C-40824,69694.6859650391
C-18879,35941.462828741234
C-14985,36965.920605154424
C-20453,78351.40076800855
C-39268,74520.2966954098
C-29997,22106.396258140932
C-27019,201993.04307029
C-1162,37291.18313256341
C-38609,73367.0222551389
C-14610,53473.47092399112
C-16043,148715.99927545988
C-41053,28932.925907035595
C-6179,25390.901602760197
C-37719,57699.31293027404
C-22463,61958.52578255388
C-42891,32181.34804991373
C-39172,131769.82778614585
C-27095,27080.716141952144
C-216,51982.97109540134
C-16926,129809.03027178104
C-27962,18423.508152634935
C-36470,149668.74797774767
C-47273,226362.93897032255
C-19843,208761.96263910428
C-3431,184700.51118754336
C-8815,39577.25377589415
C-22553,36352.37135149887
C-23869,114098.14991648121
C-43256,37127.93581599937
C-9337,135015.74420906024
C-33856,38771.928176461355
C-20686,72266.13477290444
C-28218,158995.64925477607
C-43437,83964.84738629551
C-6524,45789.45720870448
C-29399,194106.51097507126
C-31233,130521.2384615174
C-39497,92510.69748419164
C-38204,37811.90183675998
C-32226,119270.53737500563
C-20775,91677.8787124307
C-1669,27200.654109446597
C-10417,37418.69287130064
C-34296,45026.954670308354
C-1384,38394.77766558487
C-38772,72335.08269622078
C-25323,186684.65597719196
C-46610,121956.06084651538
C-6675,50594.511832660355
C-37569,102365.37275072128
C-34742,41942.04071408061
C-14089,174919.0518133229
C-25969,233667.7996193281
C-20558,137042.76610182098
C-43614,148888.10971741204
C-45761,91831.38244557707
C-49169,97822.42270233312
C-12397,144012.83487754362
C-24144,143775.684039195
C-44620,48347.5996536678
C-35587,209488.8423412412
C-5898,76962.81400872966
C-39292,130853.67354491116
C-26686,74389.94735606958
C-45874,68613.64022869772
C-16070,35311.96950082302
C-6248,108213.45635731393
C-24004,96132.41311837714
C-32570,81460.6344349778
C-13419,106041.63099681913
C-11820,40544.659915642136
C-35734,17493.18549670104
C-45339,85295.76363307965
C-46335,157712.62159833737
C-36291,185341.8981279895
C-9702,54568.8759864595
C-44153,96335.0503020443
C-5368,107578.68978743981
C-3510,64042.606179481205
C-17421,40729.02375828221
C-9892,41795.858135740724
C-11635,23646.52897478411
C-38352,110195.63190919318
C-31705,28102.85883524107
C-27401,158809.44393165509
C-17803,170687.21483808887
C-12896,58011.73948680343
C-35215,22033.231392588055
C-21092,33277.15170657517
C-4726,64389.21898267605
C-3456,119947.13254723899
C-31115,36629.527105677815
C-33884,90210.83735550873
C-10396,45794.5279413221
C-30563,60890.542099986196
C-30510,177907.7288736761
C-5465,81651.03023603593
C-14412,234304.62374484996
C-20060,98143.03863907505
C-45648,89588.860180078
C-23787,46481.62017535625
C-10216,58642.618122451175
C-23077,67503.37954077969
C-19824,140108.11789237178
C-9469,102751.42110146914
C-3940,86472.82477575335
C-36341,94111.66171978255
C-30816,83194.20117471191
C-23897,54341.26692898403
C-20445,44598.76446552912
C-46704,282026.6755323084
C-26633,98253.69995026027
C-10255,60038.84675669637
C-40791,2958.8573063335502
C-7099,71668.65356045951
C-47711,140441.22497444475
C-40477,90026.90670980701
C-16965,39163.52392420464
C-44318,120226.06461926458
C-20083,157999.47922389384
C-10929,68468.6723655596
C-19942,101142.9488360573
C-35330,34656.87859266853
C-15166,85991.50767668965
C-21699,161655.39274141417
C-28370,67251.79197036347
C-19595,67092.37552597461
C-35154,41426.23448357457
C-42500,61456.872152127136
C-18187,80452.08237200016
C-9087,273622.4360148719
C-38661,119862.28312666596
C-9225,138624.42012963537
C-14922,110233.41998297238
C-14936,135021.12825291324
C-19169,154097.7173419694
C-3935,116430.17887957337
C-25973,39289.68898150081
C-2631,165735.95255432252
C-46173,108260.46804923419
C-16987,74337.05936652806
C-25355,78949.68985149563
C-5060,33151.65452416586
C-44654,19825.358649730657
C-47076,17357.22471505718
C-32914,123408.2182129228
C-17017,46157.542048313386
C-33157,68284.37337230786
C-49416,24541.19689048703
C-31982,125469.65095410011
C-22590,13618.745664830125
C-28012,76080.42567606877
C-23268,6586.5698679415345
C-32631,86898.54915710322
C-34321,87324.47600383931
C-38721,18305.45106497586
C-622,156706.1818077665
C-31537,92950.83705588382
C-16360,43291.433328028594
C-29398,69279.20728724061
C-42775,86010.79214880346
C-26508,264837.8380860884
C-6771,16217.116228708031
C-27142,52941.70934372809
C-16476,91263.74994337959
C-10404,20120.57099476892
C-23285,90305.94534282718
C-20843,102013.35573890414
C-49817,150098.56719769482
C-17682,79256.79653429179
C-11939,68226.41823484143
C-4783,205118.91968057657
C-29468,92501.64303583482
C-39703,15299.146104679183
C-29649,21197.16366466098
C-6583,83831.60104190152
C-22808,48206.215621947216
C-30872,23889.637294837074
C-25183,82957.90555861342
C-8356,63860.32573702951
C-34348,46685.304946755256
C-19269,67829.7594509361
C-23675,252012.71808024045
C-45189,34787.6044485503
C-27039,68109.06899021011
C-10878,82736.99378628108
C-46456,16734.555575094742
C-6936,138219.00029360826
C-33546,44186.18833550561
C-2585,89650.12072612731
C-33781,132647.53627783206
C-3029,98833.11780647929
C-35602,156599.3406228
C-2096,23964.208264188353
C-22760,77118.28915112831
C-33752,165656.4286586539
C-46436,130258.4287807897
C-23640,45268.02285571076
C-44693,50242.461094297636
C-25562,49870.13647948001
C-38055,221083.62821913883
C-19877,87557.98053106916
C-24357,78098.96337737396
C-29999,134974.2443587179
C-18584,79259.74574926638
C-7816,114556.38545171273
C-41676,41994.252000971755
C-34346,31765.620856809808
C-39434,176163.63367007475
C-40003,172364.81152682714
C-6726,92006.78921760607
C-24607,103551.89698250787
C-17571,67740.66396826305
C-29768,43278.66366978613
C-39538,34252.645274505
C-31846,170383.5457282207
C-36304,30456.523749578206
C-47307,169714.84131001742
C-18234,21659.709341596004
C-49521,84179.51292461397
C-22372,96401.31689634171
C-31275,86977.93726149145
C-36624,128521.71109367946
C-33900,175116.6113848409
C-5259,94980.01033199197
C-21382,202063.22128480763
C-40992,8231.960703896459
C-40691,184051.23713320063
C-28503,60737.751726778675
C-38677,36542.88374391219
C-49557,30735.580876081724
C-17559,130538.25725640733
C-26749,91025.03314353408
C-32912,143677.86732701844
C-49488,44445.103812778085
C-22946,175907.94963256127
C-31377,17286.503208637143
C-22763,17966.12308992061
C-35768,73986.53946470741
C-21578,92407.52656317905
C-31040,71134.59026448961
C-47137,46060.53923817481
C-6169,86386.13191473059
C-38290,112906.11160173509
C-23213,203738.73302660644
C-15210,206018.33791524073
C-3586,172201.51690287792
C-11692,129883.86144909456
C-38363,44685.37964541806
C-31645,47730.9718045557
C-1373,312571.90542655694
C-3838,162870.21377272313
C-20536,26730.26233680313
C-14676,174917.89628679008
C-36485,69199.39404768734
C-32159,14293.728168583906
C-37725,13440.81860857044
C-34299,71541.34798884182
C-49705,115315.6250359697
C-41361,49428.62955895689
C-7747,25272.669713602816
C-6977,147557.39533312552
C-37955,51336.0420130729
C-23424,40384.894153803194
C-8135,84122.24492373376
C-34952,153174.11341701198
C-21813,83204.7339312112
C-28027,158526.01252980443
C-47213,31107.588543650447
C-25342,90509.54218585344
C-27255,152900.13861010585
C-15507,74637.72155990508
C-37001,35965.91628926556
C-17730,174251.7591052765
C-11936,63335.39033256737
C-19422,137509.26742482441
C-30169,67759.77679347864
C-24657,164141.1996305572
C-41819,30728.883614405466
C-33087,67491.73247094887
C-24053,58299.148432331756
C-36902,36748.88822122638
C-41000,79582.850222191
C-36796,212920.68283027297
C-47463,36462.63261975675
C-34058,19409.96680461816
C-43128,104864.40050513645
C-48909,69536.83305114103
C-14560,94896.81016828703
C-42870,25542.47994845509
C-9335,23512.00234702981
C-21051,53791.716607633025
C-2501,119048.79372292645
C-14991,81181.43333732354
C-49017,132160.7836308413
C-30743,74144.67811058293
C-25931,73707.96542383575
C-15448,66588.2950955102
C-28260,184316.5781472305
C-40349,28988.76448458076
C-13890,46014.43930164593
C-37522,36903.81716471255
C-25547,192919.7395493861
C-40846,51333.436141263155
C-18622,52812.16653743658
C-45967,72964.85412304357
C-47740,153270.2129684003
C-34111,157115.08617330468
C-40452,34779.86612052356
C-10230,166546.08812792876
C-39114,71477.86697190201
C-15955,35673.66202662883
C-18772,68915.5240750608
C-20003,140805.95847585477
C-495,47446.457242439035
C-1715,195657.84925928566
C-32779,57509.84301007519
C-273,123182.03508602704
C-42272,45419.87540010383
C-41065,93082.7723255422
C-33293,61170.3662825371
C-5352,143519.69871314918
C-41649,234877.54590737642
C-33485,65624.82427843593
C-20673,21262.68032105205
C-22811,291951.66397743294
C-18384,64199.03256904327
C-36442,2595.023319026894
C-46487,292398.6830442209
C-2679,94866.67819610874
C-1552,250428.32172355396
C-26982,73571.83998222116
C-3131,42333.87218702455
C-3387,47514.479458627655
C-29612,18043.151560412418
C-15325,30300.877810481004
C-8789,133673.97828858256
C-40275,32561.417050917073
C-26684,175915.2744832984
C-28792,42659.01606170045
C-14825,162396.64389392658
C-39729,8431.954346201874
C-49839,176855.3561264404
C-469,156254.15257443933
C-13766,74701.18566136397
C-39001,151783.31096804177
C-15352,148916.60975750268
C-46322,89899.58062777467
C-14031,232579.8228124923
C-42816,332302.2997103799
C-48331,65268.58944453278
C-4934,47462.35915378857
C-47689,32515.052302710486
C-1815,29435.730883719818
C-23150,27267.612200934356
C-34968,42319.41681117488
C-13011,208122.78564309346
C-14826,43522.43163216552
C-14164,62338.230808044405
C-36533,132577.17285815513
C-4912,135076.46937329715
C-13777,90162.25706865304
C-49348,49572.033961919915
C-40196,61849.75761241429
C-20218,20472.29150116088
C-27929,172521.87285873582
C-46791,104471.06084200775
C-4483,80620.62615622701
C-17323,60777.79010397917
C-30383,71846.20104628752
C-40869,23973.826709703622
C-32453,122665.22250578934
C-2593,37638.19770719321
C-29904,96042.60896476137
C-17773,105087.63346359138
C-19953,77603.98696990254
C-1439,145737.738127145
C-15380,122463.06965373876
C-11069,72834.77006604383
C-41851,96779.04471402109
C-26363,120206.51605080256
C-35781,111150.92096486648
C-28667,74204.26986166673
C-32767,191387.3099193801
C-37253,80305.2810209427
C-43183,179743.3309627157
C-8909,41644.54016729479
C-9400,152552.6253929743
C-7402,37794.434664863606
C-44868,126093.54705541694
C-26335,223578.21997113546
C-27589,68773.56172505871
C-17410,47889.55589963848
C-40299,23268.743914613227
C-38691,121885.46067208475
C-6282,50596.716045165995
C-33130,168099.07997436565
C-22017,173255.70763764362
C-38929,130709.62636775152
C-47610,130882.80943799573
C-6120,37829.84578404624
C-39320,141402.47639253057
C-48929,172823.57745121807
C-34801,83360.12666309197
C-48518,100364.7502945795
C-10304,47509.689592844006
C-23210,127056.5033608101
C-12735,25881.64637351645
C-25611,7770.610860134459
C-9808,95541.0573481636
C-26737,8088.439150429158
C-15116,75339.81143974974
C-27321,81917.73459315092
C-22314,22047.85401124312
C-20965,69155.86070482778
C-27356,56699.86973889541
C-10077,198398.79370718816
C-20951,27982.886304543892
C-48442,27490.648472526813
C-5566,129824.34335078632
C-27339,65242.91482585157
C-7872,85601.2016892563
C-34629,166387.73665018214
C-43806,20444.39261773702
C-32679,271770.232973976
C-39609,73812.42282625622
C-28814,36152.1902394365
C-4366,57573.90959512261
C-46797,71090.14170909669
C-39045,35012.883559417714
C-31046,48144.344655447414
C-13944,139467.9061053494
C-21016,40011.17575324258
C-44212,90370.4198168056
C-7796,51921.31428393461
C-36488,27983.497158195838
C-39500,78935.92604201905
C-46132,55122.90805651079
C-35148,47607.63291825571
C-35748,37984.580787117564
C-13674,194246.85894363438
C-157,17518.004424020954
C-42365,38500.92762750339
C-1014,29476.962270288925
C-10644,170194.09672144934
C-39240,66196.93340489788
C-35348,24542.647002699192
C-31760,75798.19920970155
C-42823,116037.08133537152
C-44307,52081.12850357628
C-30769,44653.454147622804
C-6076,73007.62480479671
C-5978,118632.96809069515
C-30920,17144.889733174976
C-14181,122920.96638098832
C-14471,81361.47672008789
C-18665,132166.9997602523
C-22355,10706.41000791613
C-41344,103673.82309806699
C-12888,182665.64974783896
C-46380,140509.43480558225
C-17407,64555.74299241098
C-8579,204087.63875370944
C-6979,168569.39952536346
C-37171,42333.60168337548
C-19913,79149.51926624792
C-18925,46357.48155376464
C-44031,107641.92453582132
C-48551,186702.74807303434
C-13175,140073.53966919705
C-46230,33386.50979212735
C-33550,50028.22818592535
C-35638,184864.78491394926
C-24325,65248.91113429692
C-25032,156685.31709828248
C-12683,44797.59388899034
C-38529,157025.42272279132
C-20705,28974.12842628032
C-36776,88772.14383416646
C-37896,44798.58764035332
C-22893,257289.35814990345
C-31932,74016.03113333133
C-43433,49950.60845925248
C-32575,114339.68539376554
C-32682,78324.55761971448
C-15429,36462.62563648238
C-44218,70733.76534804277
C-31317,27149.05412837634
C-5215,146404.95965719703
C-33313,194126.95571947805
C-44478,76512.48815279477
C-47171,56500.58878144627
C-16363,58631.00968585911
C-17578,140885.92261166303
C-11090,103477.32900568601
C-1346,40592.82888647142
C-31536,74154.16556197885
C-49864,63424.804999847656
C-8633,74001.2001958026
C-18386,137347.04385637876
C-11039,107288.78596723308
C-2429,69141.40944254758
C-16114,128765.98275909455
C-1639,94917.77940362794
C-42393,30975.950247125154
C-46847,366674.1819255185
C-48499,100705.02669084401
C-3034,142429.63623938145
C-32531,125865.15195255008
C-2020,210469.17551692738
C-3536,256854.96269135887
C-46778,143263.84521553974
C-24507,51759.58390864663
C-20975,48894.207851561725
C-49044,28992.372320213803
C-49935,52963.357647163786
C-45026,25317.82766847564
C-47311,176131.66074899572
C-31164,134250.35496871805
C-41398,79162.93492106434
C-29784,171487.02437331146
C-13216,44088.23881047403
C-33177,82306.94860289605
C-27700,129321.95021206448
C-38949,143548.20240215387
C-23519,38644.62936284907
C-8355,20540.51631272584
C-26432,40414.559010471094
C-37220,11827.183676282863
C-5663,112741.57121775317
C-20778,215977.78335306543
C-47327,38108.10395521594
C-27877,42515.13460328843
C-16228,102643.10249859633
C-31333,187294.23271738546
C-45981,151771.6896258975
C-26050,44405.78011666034
C-48605,28761.703079434054
C-23159,75587.93243441042
C-32206,184825.4436664165
C-4645,144653.94152859622
C-28954,83982.60847235953
C-16313,28908.289599466432
C-20253,47357.34707739659
C-45408,43491.608443630925
C-23133,113150.70113738316
C-5851,99265.13681559316
C-20380,49845.91001034653
C-19934,44449.760446457876
C-37032,209347.19761283268
C-11636,82959.52939639616
C-29295,41354.80984279077
C-19128,49764.657123152574
C-7076,122858.44580947416
C-29528,79410.60879782763
C-28883,45143.851873402666
C-24398,63618.46622951357
C-29815,105309.70984741549
C-19082,13444.142904425207
C-19417,179333.13087247696
C-42793,48631.71303319336
C-40849,67923.42182768583
C-27886,118254.65732939758
C-14275,134633.74710473904
C-46449,107463.90874539602
C-47009,239747.0406639145
C-7890,43959.66403727617
C-16069,103221.32913177366
C-11817,44644.29794852113
C-8196,107831.90880100093
C-9044,38125.61336803557
C-16448,251801.62216521762
C-28702,111766.84624025044
C-44405,117187.13578637505
C-14803,69945.60496716882
C-33046,5863.699525818805
C-10828,155726.19050602653
C-13162,30287.142529101264
C-7273,53574.84133296827
C-22815,65589.74953544828
C-39219,121115.95071847054
C-30742,70830.28549770667
C-32474,30725.03508462428
C-31941,64570.175815214716
C-49556,130706.63538254703
C-8739,119367.3858099146
C-25740,90895.27200563108
C-28649,40420.457669268246
C-13018,296215.0272788824
C-42975,57031.06661591468
C-9731,82220.98530096337
C-10627,181456.82281998981
C-5224,18978.583541956137
C-19466,86176.681170228
C-48075,45243.26254130582
C-17988,44271.24753644159
C-2851,83525.34502450144
C-31743,70849.5772808773
C-32753,37347.758521652475
C-38136,43821.424324541054
C-37091,57177.49042380309
C-18585,27052.1195760712
C-48299,85108.22195592472
C-30227,126702.80520246655
C-33042,29819.760397616763
C-35531,132418.76506147196
C-34917,72250.71012585273
C-24611,156447.62538244625
C-20744,62503.98391437508
C-28726,43376.72807170437
C-16015,102024.58264937672
C-19496,84750.15546257133
C-21965,114204.718915887
C-5108,77284.42695803543
C-36781,26601.30862235852
C-11467,25827.059040716056
C-35487,173311.62628377916
C-23221,138176.040028931
C-25999,219238.6563794312
C-41292,62111.823067507874
